Time_abs/ps, Signal 1/nA, Signal 2/nA
  1240.000,     0.023667,    -0.012972
  1240.050,     0.015022,    -0.016962
  1240.100,    -0.047303,     0.005904
  1240.150,     0.034516,    -0.006357
  1240.200,    -0.025902,     0.030386
  1240.250,     0.115897,    -0.013536
  1240.300,    -0.055286,    -0.036213
  1240.350,     0.108415,    -0.032219
  1240.400,     0.026490,     0.024105
  1240.450,     0.059964,     0.014046
  1240.500,     0.052187,    -0.008167
  1240.550,     0.036683,    -0.003589
  1240.600,    -0.092280,    -0.013067
  1240.650,    -0.060049,    -0.010935
  1240.700,    -0.029826,    -0.018650
  1240.750,    -0.156401,     0.037943
  1240.800,    -0.172997,    -0.026637
  1240.850,    -0.202862,    -0.013425
  1240.900,    -0.229959,    -0.020234
  1240.950,    -0.281181,     0.015376
  1241.000,    -0.320733,     0.027060
  1241.050,    -0.362620,    -0.003427
  1241.100,    -0.405365,     0.000949
  1241.150,    -0.435317,    -0.027948
  1241.200,    -0.466205,    -0.037120
  1241.250,    -0.482203,     0.018888
  1241.300,    -0.439295,     0.010623
  1241.350,    -0.518545,     0.033346
  1241.400,    -0.483213,    -0.004994
  1241.450,    -0.625812,    -0.014018
  1241.500,    -0.563881,    -0.024202
  1241.550,    -0.583904,    -0.020772
  1241.600,    -0.527639,     0.009020
  1241.650,    -0.577583,     0.042316
  1241.700,    -0.655972,     0.015906
  1241.750,    -0.725378,     0.002562
  1241.800,    -0.665235,    -0.025529
  1241.850,    -0.645124,     0.009023
  1241.900,    -0.602377,     0.021858
  1241.950,    -0.623495,     0.008049
  1242.000,    -0.637478,     0.019538
  1242.050,    -0.638083,    -0.001037
  1242.100,    -0.615027,    -0.021143
  1242.150,    -0.620119,    -0.030001
  1242.200,    -0.596534,    -0.012000
  1242.250,    -0.452956,     0.038822
  1242.300,    -0.541843,     0.021446
  1242.350,    -0.470737,     0.010975
  1242.400,    -0.475210,    -0.028167
  1242.450,    -0.454708,    -0.039534
  1242.500,    -0.448326,    -0.034254
  1242.550,    -0.397225,     0.019390
  1242.600,    -0.279823,     0.043858
  1242.650,    -0.293652,     0.019263
  1242.700,    -0.377984,    -0.019682
  1242.750,    -0.509713,    -0.022143
  1242.800,    -0.379277,    -0.029017
  1242.850,    -0.426471,    -0.005050
  1242.900,    -0.485376,     0.024225
  1242.950,    -0.443079,     0.039229
  1243.000,    -0.409652,     0.017362
  1243.050,    -0.531595,     0.001354
  1243.100,    -0.526507,    -0.019908
  1243.150,    -0.599312,    -0.037138
  1243.200,    -0.577517,     0.001551
  1243.250,    -0.512318,     0.031738
  1243.300,    -0.513961,     0.026385
  1243.350,    -0.557060,     0.024456
  1243.400,    -0.555688,     0.004793
  1243.450,    -0.626779,    -0.041811
  1243.500,    -0.756945,    -0.013412
  1243.550,    -0.658795,    -0.013697
  1243.600,    -0.763169,     0.028572
  1243.650,    -0.714756,     0.021284
  1243.700,    -0.768404,    -0.001756
  1243.750,    -0.792969,     0.018632
  1243.800,    -0.883018,    -0.025918
  1243.850,    -0.983820,    -0.007965
  1243.900,    -0.997598,    -0.015782
  1243.950,    -1.012480,    -0.005268
  1244.000,    -1.031734,    -0.004645
  1244.050,    -1.062819,    -0.003892
  1244.100,    -1.122807,     0.013498
  1244.150,    -1.141814,    -0.015383
  1244.200,    -1.258464,    -0.037994
  1244.250,    -1.291793,    -0.018875
  1244.300,    -1.238682,     0.002126
  1244.350,    -1.260170,    -0.003676
  1244.400,    -1.314338,    -0.010694
  1244.450,    -1.368545,     0.006068
  1244.500,    -1.491984,     0.007894
  1244.550,    -1.491107,    -0.003690
  1244.600,    -1.532395,    -0.027768
  1244.650,    -1.579587,    -0.025135
  1244.700,    -1.605663,    -0.011435
  1244.750,    -1.719767,    -0.010765
  1244.800,    -1.765916,     0.001205
  1244.850,    -1.812816,     0.019353
  1244.900,    -1.823447,     0.001380
  1244.950,    -1.902355,    -0.008498
  1245.000,    -1.887917,     0.006132
  1245.050,    -1.985184,    -0.016370
  1245.100,    -2.018957,    -0.025807
  1245.150,    -2.018062,    -0.022537
  1245.200,    -2.017687,     0.015618
  1245.250,    -2.077277,     0.025986
  1245.300,    -2.042904,     0.022248
  1245.350,    -2.067754,     0.014683
  1245.400,    -2.166219,     0.005013
  1245.450,    -2.172142,    -0.028294
  1245.500,    -2.168697,    -0.042822
  1245.550,    -2.009427,    -0.015048
  1245.600,    -2.078133,     0.007144
  1245.650,    -2.035571,     0.022606
  1245.700,    -2.067964,     0.040120
  1245.750,    -2.034450,    -0.012696
  1245.800,    -2.029792,    -0.017513
  1245.850,    -2.016457,    -0.032480
  1245.900,    -2.045351,    -0.022733
  1245.950,    -2.032684,     0.012664
  1246.000,    -1.981945,    -0.009877
  1246.050,    -1.972881,     0.020774
  1246.100,    -1.907034,     0.040930
  1246.150,    -1.955389,     0.008569
  1246.200,    -1.897198,    -0.011616
  1246.250,    -1.917950,    -0.029624
  1246.300,    -1.891865,    -0.014644
  1246.350,    -1.931792,    -0.011234
  1246.400,    -1.954186,     0.012082
  1246.450,    -1.928146,     0.029550
  1246.500,    -1.881489,     0.015342
  1246.550,    -1.974037,    -0.020014
  1246.600,    -1.933112,    -0.034639
  1246.650,    -1.955225,    -0.031286
  1246.700,    -1.861559,    -0.015924
  1246.750,    -1.832425,     0.000109
  1246.800,    -1.821584,     0.039565
  1246.850,    -1.847559,     0.023676
  1246.900,    -1.810666,     0.003578
  1246.950,    -1.833075,     0.017669
  1247.000,    -1.816735,    -0.002322
  1247.050,    -1.788716,    -0.018338
  1247.100,    -1.783404,    -0.025230
  1247.150,    -1.719152,    -0.026113
  1247.200,    -1.721434,     0.010814
  1247.250,    -1.779716,     0.020572
  1247.300,    -1.741895,     0.020800
  1247.350,    -1.690909,     0.019695
  1247.400,    -1.665646,     0.003919
  1247.450,    -1.719473,    -0.006291
  1247.500,    -1.765615,    -0.001787
  1247.550,    -1.726640,    -0.021644
  1247.600,    -1.758321,    -0.018912
  1247.650,    -1.767595,    -0.001891
  1247.700,    -1.654679,     0.035661
  1247.750,    -1.712825,     0.024163
  1247.800,    -1.728238,    -0.011317
  1247.850,    -1.653017,    -0.026663
  1247.900,    -1.804865,    -0.014445
  1247.950,    -1.759344,    -0.016778
  1248.000,    -1.758379,     0.002695
  1248.050,    -1.738925,    -0.010862
  1248.100,    -1.810249,    -0.014010
  1248.150,    -1.742423,     0.015792
  1248.200,    -1.706597,     0.034799
  1248.250,    -1.735810,     0.035321
  1248.300,    -1.707842,     0.003104
  1248.350,    -1.757446,    -0.006952
  1248.400,    -1.743770,    -0.032310
  1248.450,    -1.691140,    -0.033129
  1248.500,    -1.645241,    -0.028672
  1248.550,    -1.616210,     0.009239
  1248.600,    -1.546446,     0.030895
  1248.650,    -1.505159,     0.031202
  1248.700,    -1.578961,     0.020055
  1248.750,    -1.570454,    -0.002615
  1248.800,    -1.548060,    -0.035926
  1248.850,    -1.549618,    -0.025338
  1248.900,    -1.501784,    -0.038842
  1248.950,    -1.511891,    -0.028595
  1249.000,    -1.561098,     0.006320
  1249.050,    -1.529711,     0.005636
  1249.100,    -1.534129,     0.020096
  1249.150,    -1.483919,    -0.001703
  1249.200,    -1.484598,    -0.028546
  1249.250,    -1.524245,    -0.019737
  1249.300,    -1.547317,    -0.041536
  1249.350,    -1.578362,    -0.011359
  1249.400,    -1.445779,     0.029652
  1249.450,    -1.337532,     0.003967
  1249.500,    -1.299642,     0.011511
  1249.550,    -1.339453,     0.031752
  1249.600,    -1.352101,     0.008468
  1249.650,    -1.264032,    -0.032966
  1249.700,    -1.189909,    -0.037009
  1249.750,    -1.179928,    -0.015351
  1249.800,    -1.084893,     0.009093
  1249.850,    -1.035448,    -0.027892
  1249.900,    -0.996656,    -0.006338
  1249.950,    -0.939787,     0.040168
  1250.000,    -0.933977,     0.019477
  1250.050,    -0.854049,    -0.004438
  1250.100,    -0.870160,     0.027194
  1250.150,    -0.832572,    -0.009901
  1250.200,    -0.763677,    -0.035305
  1250.250,    -0.791261,    -0.006740
  1250.300,    -0.773887,    -0.016426
  1250.350,    -0.740232,    -0.024415
  1250.400,    -0.844212,     0.001824
  1250.450,    -0.842800,     0.046631
  1250.500,    -0.692668,     0.023703
  1250.550,    -0.737987,     0.033583
  1250.600,    -0.755524,     0.045647
  1250.650,    -0.808315,    -0.009466
  1250.700,    -0.729899,    -0.010435
  1250.750,    -0.735126,    -0.009699
  1250.800,    -0.736442,    -0.016779
  1250.850,    -0.713724,    -0.011519
  1250.900,    -0.758933,     0.002938
  1250.950,    -0.678561,     0.028922
  1251.000,    -0.638715,     0.024976
  1251.050,    -0.667043,     0.011320
  1251.100,    -0.574052,    -0.005054
  1251.150,    -0.576882,    -0.029903
  1251.200,    -0.595345,    -0.045087
  1251.250,    -0.522693,    -0.014125
  1251.300,    -0.573879,     0.000703
  1251.350,    -0.585362,     0.000592
  1251.400,    -0.503154,    -0.000556
  1251.450,    -0.544457,    -0.009059
  1251.500,    -0.585338,     0.027917
  1251.550,    -0.582315,     0.019310
  1251.600,    -0.593975,    -0.031140
  1251.650,    -0.628394,    -0.035891
  1251.700,    -0.568068,    -0.023373
  1251.750,    -0.641551,    -0.020873
  1251.800,    -0.573519,     0.033650
  1251.850,    -0.597621,     0.049715
  1251.900,    -0.676935,     0.004995
  1251.950,    -0.703026,     0.011017
  1252.000,    -0.724264,     0.004701
  1252.050,    -0.753767,    -0.003874
  1252.100,    -0.711744,    -0.025554
  1252.150,    -0.734253,    -0.025594
  1252.200,    -0.804403,     0.006065
  1252.250,    -0.878088,     0.015388
  1252.300,    -0.945456,     0.026121
  1252.350,    -0.976822,     0.016037
  1252.400,    -1.088996,     0.013408
  1252.450,    -1.146136,    -0.008785
  1252.500,    -1.157309,    -0.000128
  1252.550,    -1.244945,    -0.005865
  1252.600,    -1.334019,    -0.030228
  1252.650,    -1.303286,    -0.005488
  1252.700,    -1.400272,    -0.016014
  1252.750,    -1.430405,    -0.020769
  1252.800,    -1.411002,     0.004286
  1252.850,    -1.445714,     0.014087
  1252.900,    -1.512286,     0.025010
  1252.950,    -1.471763,     0.050723
  1253.000,    -1.519309,     0.015571
  1253.050,    -1.543741,    -0.005118
  1253.100,    -1.526006,    -0.001951
  1253.150,    -1.590993,    -0.026603
  1253.200,    -1.598453,    -0.024807
  1253.250,    -1.536265,    -0.021404
  1253.300,    -1.563945,    -0.007624
  1253.350,    -1.491009,     0.024737
  1253.400,    -1.459333,     0.020920
  1253.450,    -1.461592,     0.023267
  1253.500,    -1.445595,     0.005367
  1253.550,    -1.307622,    -0.035206
  1253.600,    -1.371347,    -0.030621
  1253.650,    -1.411923,    -0.004533
  1253.700,    -1.354369,     0.013395
  1253.750,    -1.382078,     0.009543
  1253.800,    -1.327504,     0.012446
  1253.850,    -1.270206,     0.013865
  1253.900,    -1.271352,     0.020766
  1253.950,    -1.298884,     0.024762
  1254.000,    -1.321506,     0.002719
  1254.050,    -1.340299,    -0.020372
  1254.100,    -1.340664,    -0.011352
  1254.150,    -1.401293,    -0.018524
  1254.200,    -1.283588,    -0.023140
  1254.250,    -1.253715,     0.002933
  1254.300,    -1.327844,     0.001954
  1254.350,    -1.271148,    -0.026476
  1254.400,    -1.287978,    -0.000629
  1254.450,    -1.303051,     0.011713
  1254.500,    -1.345795,    -0.021059
  1254.550,    -1.426900,    -0.008911
  1254.600,    -1.472507,    -0.011914
  1254.650,    -1.533865,    -0.019289
  1254.700,    -1.576691,    -0.014630
  1254.750,    -1.576041,    -0.018800
  1254.800,    -1.611577,     0.008684
  1254.850,    -1.670724,     0.021486
  1254.900,    -1.725246,     0.021832
  1254.950,    -1.769195,     0.008397
  1255.000,    -1.848285,     0.012091
  1255.050,    -1.912510,    -0.002457
  1255.100,    -2.007957,    -0.027751
  1255.150,    -2.016533,    -0.035495
  1255.200,    -2.013279,    -0.015095
  1255.250,    -2.025974,    -0.008772
  1255.300,    -2.071836,    -0.005698
  1255.350,    -2.117468,    -0.002907
  1255.400,    -2.091724,     0.030829
  1255.450,    -2.100085,     0.046234
  1255.500,    -2.135459,     0.028634
  1255.550,    -2.110308,     0.002099
  1255.600,    -2.079368,    -0.010669
  1255.650,    -2.072909,    -0.032815
  1255.700,    -2.082555,    -0.046913
  1255.750,    -2.083876,    -0.012203
  1255.800,    -2.010836,     0.011154
  1255.850,    -1.936304,    -0.012423
  1255.900,    -1.972016,     0.012484
  1255.950,    -2.013342,     0.010223
  1256.000,    -1.945163,    -0.009091
  1256.050,    -1.925292,    -0.019727
  1256.100,    -1.938412,    -0.019606
  1256.150,    -1.993094,     0.000844
  1256.200,    -1.943266,     0.020318
  1256.250,    -1.859690,     0.005425
  1256.300,    -1.849122,    -0.001872
  1256.350,    -1.904196,     0.014058
  1256.400,    -1.813097,     0.004177
  1256.450,    -1.810645,     0.006111
  1256.500,    -1.831474,     0.013430
  1256.550,    -1.890481,     0.026893
  1256.600,    -1.857191,     0.034404
  1256.650,    -1.886681,     0.023611
  1256.700,    -1.995980,    -0.009196
  1256.750,    -2.010968,    -0.032484
  1256.800,    -2.043338,    -0.009883
  1256.850,    -1.971476,     0.001267
  1256.900,    -1.932319,     0.003181
  1256.950,    -1.898635,     0.020885
  1257.000,    -1.912868,     0.026347
  1257.050,    -1.967811,     0.020280
  1257.100,    -1.953988,     0.002238
  1257.150,    -1.931589,    -0.042901
  1257.200,    -1.938888,    -0.036772
  1257.250,    -1.955228,    -0.028718
  1257.300,    -2.052641,    -0.016008
  1257.350,    -1.999093,     0.013095
  1257.400,    -1.960176,     0.016824
  1257.450,    -2.042639,     0.014801
  1257.500,    -2.039775,     0.024779
  1257.550,    -2.019191,     0.008783
  1257.600,    -2.089580,    -0.001796
  1257.650,    -2.134223,    -0.012064
  1257.700,    -2.156192,    -0.020316
  1257.750,    -2.165693,    -0.037221
  1257.800,    -2.208077,    -0.028119
  1257.850,    -2.149285,     0.004959
  1257.900,    -2.117710,     0.015189
  1257.950,    -2.136730,     0.029543
  1258.000,    -2.165555,     0.035836
  1258.050,    -2.183598,     0.008664
  1258.100,    -2.160931,    -0.015812
  1258.150,    -2.175054,    -0.011346
  1258.200,    -2.107541,    -0.009149
  1258.250,    -2.105934,    -0.000091
  1258.300,    -2.036849,    -0.013225
  1258.350,    -2.013296,    -0.018896
  1258.400,    -1.963740,     0.001637
  1258.450,    -1.932141,    -0.019720
  1258.500,    -1.886693,    -0.009214
  1258.550,    -1.840867,     0.009507
  1258.600,    -1.820634,     0.000116
  1258.650,    -1.810600,     0.020134
  1258.700,    -1.765031,     0.007106
  1258.750,    -1.777088,    -0.018723
  1258.800,    -1.801515,    -0.018789
  1258.850,    -1.824701,    -0.012302
  1258.900,    -1.752698,     0.006007
  1258.950,    -1.731243,     0.019602
  1259.000,    -1.709950,     0.009974
  1259.050,    -1.678471,     0.030410
  1259.100,    -1.643390,     0.027692
  1259.150,    -1.669912,     0.015037
  1259.200,    -1.683360,    -0.016723
  1259.250,    -1.685567,    -0.017421
  1259.300,    -1.665536,    -0.000694
  1259.350,    -1.673480,    -0.015277
  1259.400,    -1.648850,    -0.014986
  1259.450,    -1.661240,    -0.005601
  1259.500,    -1.671359,     0.006165
  1259.550,    -1.590846,     0.033547
  1259.600,    -1.567480,     0.024729
  1259.650,    -1.583522,     0.002038
  1259.700,    -1.655106,     0.008152
  1259.750,    -1.606428,     0.007535
  1259.800,    -1.635989,    -0.023360
  1259.850,    -1.618050,    -0.043424
  1259.900,    -1.655578,    -0.026774
  1259.950,    -1.666917,    -0.017420
  1260.000,    -1.630856,    -0.007799
  1260.050,    -1.658295,    -0.000350
  1260.100,    -1.629194,     0.036523
  1260.150,    -1.692178,     0.018305
  1260.200,    -1.682301,     0.004103
  1260.250,    -1.694936,     0.005299
  1260.300,    -1.750925,     0.004750
  1260.350,    -1.839860,    -0.015944
  1260.400,    -1.972933,    -0.026487
  1260.450,    -2.033895,    -0.016551
  1260.500,    -2.009022,    -0.005631
  1260.550,    -2.153564,     0.004992
  1260.600,    -2.216849,     0.004884
  1260.650,    -2.313011,     0.029791
  1260.700,    -2.389506,     0.037432
  1260.750,    -2.574306,     0.036172
  1260.800,    -2.673222,    -0.000920
  1260.850,    -2.810194,    -0.020682
  1260.900,    -2.905670,    -0.018359
  1260.950,    -2.967145,    -0.011471
  1261.000,    -3.132884,    -0.019299
  1261.050,    -3.198217,    -0.000911
  1261.100,    -3.289026,     0.005880
  1261.150,    -3.426227,     0.021657
  1261.200,    -3.616208,     0.035535
  1261.250,    -3.759056,     0.007673
  1261.300,    -3.964116,    -0.007789
  1261.350,    -4.104263,    -0.006859
  1261.400,    -4.175601,    -0.011903
  1261.450,    -4.220679,    -0.036927
  1261.500,    -4.256735,    -0.033725
  1261.550,    -4.222910,    -0.033332
  1261.600,    -4.147552,     0.010890
  1261.650,    -3.968838,     0.001938
  1261.700,    -3.750006,     0.002142
  1261.750,    -3.423601,     0.035452
  1261.800,    -3.058770,     0.024016
  1261.850,    -2.628104,    -0.000058
  1261.900,    -1.999538,    -0.000072
  1261.950,    -1.645123,    -0.015937
  1262.000,    -1.419441,    -0.018784
  1262.050,    -1.175122,    -0.024758
  1262.100,    -1.177479,    -0.009705
  1262.150,    -1.266238,    -0.006204
  1262.200,    -1.427987,    -0.004261
  1262.250,    -1.535512,     0.002762
  1262.300,    -1.715417,     0.020853
  1262.350,    -1.837722,     0.024678
  1262.400,    -1.811607,     0.004996
  1262.450,    -1.766570,    -0.001431
  1262.500,    -1.653646,    -0.013372
  1262.550,    -1.540173,    -0.018060
  1262.600,    -1.259676,    -0.033295
  1262.650,    -1.078621,    -0.036727
  1262.700,    -0.862838,    -0.012291
  1262.750,    -0.530125,     0.010139
  1262.800,    -0.111721,    -0.000081
  1262.850,     0.229961,     0.024139
  1262.900,     0.487435,     0.032000
  1262.950,     0.775483,     0.006783
  1263.000,     1.119210,    -0.016779
  1263.050,     1.320015,    -0.025278
  1263.100,     1.523302,    -0.029795
  1263.150,     1.880459,    -0.008803
  1263.200,     2.205554,     0.002280
  1263.250,     2.487548,     0.011293
  1263.300,     2.716184,     0.022930
  1263.350,     3.072575,     0.032548
  1263.400,     3.358561,     0.019251
  1263.450,     3.483242,     0.004539
  1263.500,     3.571635,    -0.020941
  1263.550,     3.651793,    -0.010082
  1263.600,     3.679437,    -0.005831
  1263.650,     3.307003,    -0.005043
  1263.700,     2.908803,    -0.004798
  1263.750,     2.345882,    -0.006981
  1263.800,     1.477680,    -0.005309
  1263.850,     0.442322,     0.019218
  1263.900,    -0.786462,     0.029047
  1263.950,    -2.238450,    -0.004703
  1264.000,    -3.886663,    -0.003179
  1264.050,    -5.670053,    -0.002050
  1264.100,    -7.550348,     0.000565
  1264.150,    -9.540025,     0.013014
  1264.200,   -11.722061,     0.001286
  1264.250,   -14.049930,    -0.010049
  1264.300,   -16.628460,    -0.016315
  1264.350,   -19.504237,    -0.002518
  1264.400,   -22.656032,     0.007050
  1264.450,   -26.198440,     0.025937
  1264.500,   -29.984927,     0.037236
  1264.550,   -34.104680,     0.027635
  1264.600,   -38.445834,     0.006092
  1264.650,   -42.640311,    -0.009569
  1264.700,   -46.763723,    -0.020654
  1264.750,   -50.514721,    -0.013360
  1264.800,   -53.589714,    -0.028153
  1264.850,   -55.888974,    -0.015472
  1264.900,   -56.994293,     0.011898
  1264.950,   -56.339224,     0.038852
  1265.000,   -53.406528,     0.040059
  1265.050,   -47.680336,     0.037100
  1265.100,   -38.662224,     0.008889
  1265.150,   -26.204504,    -0.004439
  1265.200,   -10.669471,    -0.023008
  1265.250,     6.671729,    -0.039148
  1265.300,    24.390696,    -0.037556
  1265.350,    40.526233,    -0.030393
  1265.400,    53.290449,    -0.019119
  1265.450,    61.435093,    -0.017559
  1265.500,    64.498249,    -0.000234
  1265.550,    62.540015,     0.003230
  1265.600,    56.513833,    -0.010920
  1265.650,    47.723289,     0.011462
  1265.700,    37.503017,    -0.002598
  1265.750,    27.086536,    -0.035671
  1265.800,    17.357572,    -0.018029
  1265.850,     9.004513,    -0.010023
  1265.900,     2.177517,    -0.017662
  1265.950,    -3.000590,     0.007202
  1266.000,    -6.713013,     0.011754
  1266.050,    -8.976495,    -0.009646
  1266.100,    -9.978349,     0.002710
  1266.150,   -10.233002,     0.019768
  1266.200,   -10.063590,     0.028368
  1266.250,    -9.753966,     0.009940
  1266.300,    -9.432822,     0.025503
  1266.350,    -9.324581,     0.000026
  1266.400,    -9.335803,    -0.031637
  1266.450,    -9.304743,    -0.006636
  1266.500,    -9.263865,    -0.012367
  1266.550,    -8.906394,    -0.021115
  1266.600,    -8.142305,     0.009417
  1266.650,    -7.009203,     0.032805
  1266.700,    -5.548766,     0.035794
  1266.750,    -4.072298,     0.014375
  1266.800,    -2.819766,     0.000173
  1266.850,    -2.205391,    -0.007824
  1266.900,    -2.368356,    -0.024648
  1266.950,    -3.204823,    -0.041694
  1267.000,    -4.743666,    -0.025410
  1267.050,    -6.708202,     0.013638
  1267.100,    -8.664551,     0.034160
  1267.150,   -10.206606,     0.036810
  1267.200,   -10.895671,     0.029735
  1267.250,   -10.692302,     0.018806
  1267.300,    -9.542854,     0.005127
  1267.350,    -7.728195,     0.002956
  1267.400,    -5.551504,    -0.026461
  1267.450,    -3.398910,    -0.043480
  1267.500,    -1.651858,    -0.019699
  1267.550,    -0.548909,     0.005501
  1267.600,    -0.119114,     0.017559
  1267.650,    -0.266279,     0.023674
  1267.700,    -0.906627,     0.032914
  1267.750,    -1.891305,     0.044320
  1267.800,    -2.930205,     0.027109
  1267.850,    -3.962913,    -0.021945
  1267.900,    -4.877670,    -0.042799
  1267.950,    -5.707672,    -0.015005
  1268.000,    -6.364706,    -0.016408
  1268.050,    -6.905142,    -0.016514
  1268.100,    -7.153884,    -0.011544
  1268.150,    -7.241061,    -0.007349
  1268.200,    -7.270636,     0.012559
  1268.250,    -7.301645,     0.014289
  1268.300,    -7.247933,     0.016932
  1268.350,    -6.971792,     0.020102
  1268.400,    -6.578742,     0.017475
  1268.450,    -5.944365,    -0.016044
  1268.500,    -5.113786,    -0.011714
  1268.550,    -4.240227,    -0.016914
  1268.600,    -3.396721,    -0.019254
  1268.650,    -2.657566,    -0.021862
  1268.700,    -2.301752,    -0.006566
  1268.750,    -2.340174,     0.024030
  1268.800,    -2.798227,     0.035262
  1268.850,    -3.579395,     0.019119
  1268.900,    -4.591339,     0.012075
  1268.950,    -5.648645,     0.018810
  1269.000,    -6.412831,     0.015105
  1269.050,    -6.659226,     0.003628
  1269.100,    -6.339164,    -0.028595
  1269.150,    -5.516340,    -0.031085
  1269.200,    -4.438117,    -0.022238
  1269.250,    -3.283960,    -0.006551
  1269.300,    -2.393732,     0.000118
  1269.350,    -2.080502,     0.026412
  1269.400,    -2.245101,     0.047560
  1269.450,    -3.144234,     0.023246
  1269.500,    -4.304549,    -0.002419
  1269.550,    -5.424765,    -0.029415
  1269.600,    -6.491769,    -0.050240
  1269.650,    -7.209419,    -0.059579
  1269.700,    -7.449576,    -0.037775
  1269.750,    -7.316166,    -0.002764
  1269.800,    -7.009629,     0.022054
  1269.850,    -6.539017,     0.034337
  1269.900,    -5.944219,     0.058362
  1269.950,    -5.402776,     0.060861
  1270.000,    -4.935280,     0.033618
  1270.050,    -4.599199,     0.004039
  1270.100,    -4.388654,    -0.009797
  1270.150,    -4.311932,    -0.031877
  1270.200,    -4.468753,    -0.013343
  1270.250,    -4.854420,    -0.016906
  1270.300,    -5.187085,    -0.004897
  1270.350,    -5.488967,     0.030669
  1270.400,    -5.742749,     0.014963
  1270.450,    -5.928119,     0.015694
  1270.500,    -6.189776,     0.011752
  1270.550,    -6.548787,    -0.005055
  1270.600,    -7.085484,    -0.016242
  1270.650,    -7.570432,    -0.027404
  1270.700,    -8.102375,    -0.011313
  1270.750,    -8.461744,    -0.002085
  1270.800,    -8.634894,     0.001374
  1270.850,    -8.589186,     0.005256
  1270.900,    -8.393310,     0.027080
  1270.950,    -8.165670,     0.008406
  1271.000,    -7.928455,    -0.011646
  1271.050,    -7.688342,    -0.014165
  1271.100,    -7.534842,    -0.008336
  1271.150,    -7.296430,    -0.019229
  1271.200,    -7.088977,    -0.021584
  1271.250,    -6.842818,    -0.002154
  1271.300,    -6.441853,     0.028600
  1271.350,    -6.147325,     0.024574
  1271.400,    -5.824412,     0.012272
  1271.450,    -5.556046,     0.005665
  1271.500,    -5.400422,     0.006555
  1271.550,    -5.313526,    -0.001972
  1271.600,    -5.351521,     0.013542
  1271.650,    -5.649389,    -0.001405
  1271.700,    -6.027655,    -0.001107
  1271.750,    -6.361696,    -0.023712
  1271.800,    -6.516832,    -0.033779
  1271.850,    -6.647519,    -0.008154
  1271.900,    -6.522115,     0.001725
  1271.950,    -6.173052,     0.003622
  1272.000,    -5.789796,    -0.010308
  1272.050,    -5.517800,     0.000518
  1272.100,    -5.336441,     0.012767
  1272.150,    -5.341637,     0.006733
  1272.200,    -5.501665,     0.013295
  1272.250,    -5.625603,     0.030175
  1272.300,    -5.932218,    -0.007660
  1272.350,    -6.310082,    -0.026056
  1272.400,    -6.724128,    -0.015301
  1272.450,    -7.214466,    -0.010327
  1272.500,    -7.661421,    -0.000344
  1272.550,    -8.132252,     0.008696
  1272.600,    -8.473137,     0.032748
  1272.650,    -8.575957,     0.026207
  1272.700,    -8.505012,     0.022197
  1272.750,    -8.304514,     0.017430
  1272.800,    -7.919225,    -0.012365
  1272.850,    -7.579382,    -0.029054
  1272.900,    -7.262066,    -0.024488
  1272.950,    -7.042235,    -0.014361
  1273.000,    -6.938322,    -0.008541
  1273.050,    -6.816135,    -0.007871
  1273.100,    -6.887031,     0.015391
  1273.150,    -7.053685,     0.023773
  1273.200,    -7.242393,     0.013924
  1273.250,    -7.485514,    -0.019054
  1273.300,    -7.539179,    -0.014270
  1273.350,    -7.504562,    -0.024987
  1273.400,    -7.258707,    -0.033629
  1273.450,    -6.905734,    -0.018282
  1273.500,    -6.750783,    -0.004561
  1273.550,    -6.615301,     0.021926
  1273.600,    -6.558249,     0.047324
  1273.650,    -6.718511,     0.039840
  1273.700,    -6.922260,     0.008672
  1273.750,    -7.048375,    -0.018858
  1273.800,    -7.046956,    -0.022911
  1273.850,    -7.017932,    -0.026582
  1273.900,    -6.834471,    -0.018718
  1273.950,    -6.770135,    -0.026909
  1274.000,    -6.879161,    -0.024355
  1274.050,    -6.934838,     0.004403
  1274.100,    -7.107121,     0.049675
  1274.150,    -7.387386,     0.037449
  1274.200,    -7.735043,     0.012668
  1274.250,    -8.084487,     0.005045
  1274.300,    -8.511819,    -0.012622
  1274.350,    -9.068544,    -0.042559
  1274.400,    -9.687039,    -0.046957
  1274.450,   -10.400959,    -0.022736
  1274.500,   -11.171226,    -0.007360
  1274.550,   -11.762525,     0.012126
  1274.600,   -12.240835,     0.017485
  1274.650,   -12.367391,     0.029883
  1274.700,   -12.162823,     0.026952
  1274.750,   -11.765592,     0.002704
  1274.800,   -10.968638,    -0.011989
  1274.850,    -9.989285,    -0.030916
  1274.900,    -9.172619,    -0.042072
  1274.950,    -8.464023,    -0.054614
  1275.000,    -7.861158,    -0.029685
  1275.050,    -7.484023,     0.013286
  1275.100,    -7.295574,     0.030903
  1275.150,    -7.102981,     0.051819
  1275.200,    -7.036948,     0.056281
  1275.250,    -7.074680,     0.014964
  1275.300,    -7.215502,    -0.002317
  1275.350,    -7.543576,    -0.002185
  1275.400,    -7.909589,    -0.035049
  1275.450,    -8.248104,    -0.057557
  1275.500,    -8.508852,    -0.033283
  1275.550,    -8.615960,     0.019339
  1275.600,    -8.572839,     0.042040
  1275.650,    -8.453120,     0.030882
  1275.700,    -8.333115,     0.027944
  1275.750,    -8.193345,     0.019096
  1275.800,    -8.173379,     0.005010
  1275.850,    -8.169861,    -0.017541
  1275.900,    -8.219376,    -0.038329
  1275.950,    -8.433823,    -0.034369
  1276.000,    -8.683992,    -0.023563
  1276.050,    -8.947171,    -0.002512
  1276.100,    -9.287122,     0.023908
  1276.150,    -9.536991,     0.027070
  1276.200,    -9.859836,     0.011797
  1276.250,   -10.150571,     0.023933
  1276.300,   -10.276292,     0.005540
  1276.350,   -10.347613,    -0.023808
  1276.400,   -10.524295,    -0.044831
  1276.450,   -10.534275,    -0.044181
  1276.500,   -10.417011,    -0.021691
  1276.550,   -10.232853,     0.018671
  1276.600,    -9.974960,     0.026288
  1276.650,    -9.652043,     0.012247
  1276.700,    -9.318286,     0.020557
  1276.750,    -8.993831,     0.026218
  1276.800,    -8.569734,     0.003988
  1276.850,    -7.967922,    -0.020731
  1276.900,    -7.442697,    -0.020617
  1276.950,    -6.949609,    -0.029069
  1277.000,    -6.540966,    -0.026824
  1277.050,    -6.307113,    -0.008822
  1277.100,    -6.300783,     0.017021
  1277.150,    -6.521186,     0.039264
  1277.200,    -7.017616,     0.029456
  1277.250,    -7.760673,     0.012913
  1277.300,    -8.740091,     0.022243
  1277.350,    -9.756819,    -0.011854
  1277.400,   -10.599113,    -0.043643
  1277.450,   -11.265266,    -0.021213
  1277.500,   -11.633980,    -0.031419
  1277.550,   -11.626564,    -0.014176
  1277.600,   -11.213286,     0.022488
  1277.650,   -10.454524,     0.026753
  1277.700,    -9.627959,     0.026699
  1277.750,    -8.801606,     0.046520
  1277.800,    -8.209711,     0.009779
  1277.850,    -8.051513,    -0.030469
  1277.900,    -8.240971,    -0.005016
  1277.950,    -8.795685,    -0.017130
  1278.000,    -9.657122,    -0.030664
  1278.050,   -10.717750,    -0.007676
  1278.100,   -11.864931,    -0.003942
  1278.150,   -12.830228,     0.007717
  1278.200,   -13.476639,     0.035619
  1278.250,   -13.738820,     0.033268
  1278.300,   -13.535798,     0.015496
  1278.350,   -12.929766,    -0.002375
  1278.400,   -11.986433,    -0.015894
  1278.450,   -10.834394,    -0.024283
  1278.500,    -9.635459,    -0.012896
  1278.550,    -8.430114,    -0.004295
  1278.600,    -7.465948,     0.019309
  1278.650,    -6.886895,     0.025540
  1278.700,    -6.488681,     0.025536
  1278.750,    -6.318014,     0.024117
  1278.800,    -6.304007,     0.009826
  1278.850,    -6.281614,    -0.011840
  1278.900,    -6.369350,    -0.025468
  1278.950,    -6.565087,    -0.015535
  1279.000,    -6.668034,    -0.011259
  1279.050,    -6.969716,    -0.025115
  1279.100,    -7.353866,    -0.006829
  1279.150,    -7.710561,     0.017932
  1279.200,    -7.971618,     0.020584
  1279.250,    -8.183613,     0.025049
  1279.300,    -8.054643,     0.008001
  1279.350,    -7.524340,    -0.000009
  1279.400,    -6.747658,    -0.024622
  1279.450,    -5.855237,    -0.031559
  1279.500,    -5.040350,    -0.030658
  1279.550,    -4.374433,     0.001047
  1279.600,    -3.946957,     0.035944
  1279.650,    -3.845206,     0.030020
  1279.700,    -4.187908,     0.020774
  1279.750,    -5.009351,     0.024804
  1279.800,    -5.924811,     0.024956
  1279.850,    -6.982683,     0.016749
  1279.900,    -7.811203,    -0.002805
  1279.950,    -8.219460,    -0.001243
  1280.000,    -8.193179,    -0.010333
  1280.050,    -7.740054,    -0.015623
  1280.100,    -7.054418,     0.010113
  1280.150,    -6.219561,     0.022624
  1280.200,    -5.374600,     0.022381
  1280.250,    -4.658544,     0.022000
  1280.300,    -4.063021,     0.016375
  1280.350,    -3.634054,    -0.019351
  1280.400,    -3.268626,    -0.022128
  1280.450,    -3.009541,    -0.036618
  1280.500,    -3.010333,    -0.034181
  1280.550,    -3.158806,    -0.015389
  1280.600,    -3.710607,    -0.009072
  1280.650,    -4.739674,     0.039050
  1280.700,    -6.088156,     0.045909
  1280.750,    -7.834092,     0.016181
  1280.800,    -9.894401,     0.003273
  1280.850,   -12.016753,    -0.012081
  1280.900,   -14.209461,    -0.036854
  1280.950,   -16.408138,    -0.023478
  1281.000,   -18.538218,    -0.007233
  1281.050,   -20.457789,     0.008759
  1281.100,   -22.322934,     0.001415
  1281.150,   -23.982495,     0.017921
  1281.200,   -25.739708,     0.016600
  1281.250,   -27.736880,     0.005560
  1281.300,   -30.129968,    -0.004870
  1281.350,   -32.973204,    -0.026017
  1281.400,   -36.462714,    -0.030436
  1281.450,   -40.522552,    -0.007409
  1281.500,   -45.080816,    -0.011481
  1281.550,   -49.876695,     0.009020
  1281.600,   -54.380565,     0.036369
  1281.650,   -57.956993,     0.021793
  1281.700,   -59.505480,     0.009755
  1281.750,   -57.865136,     0.016314
  1281.800,   -52.423804,    -0.006192
  1281.850,   -42.825598,    -0.036604
  1281.900,   -29.324587,    -0.047047
  1281.950,   -13.126094,    -0.037360
  1282.000,     4.095441,    -0.031603
  1282.050,    20.566844,    -0.003147
  1282.100,    34.524533,     0.023565
  1282.150,    44.658973,     0.022640
  1282.200,    50.062762,     0.007213
  1282.250,    50.823428,     0.015705
  1282.300,    47.632453,    -0.003371
  1282.350,    41.421823,    -0.034098
  1282.400,    33.371358,    -0.018087
  1282.450,    24.567962,    -0.012611
  1282.500,    15.770066,    -0.021952
  1282.550,     7.633686,    -0.008836
  1282.600,     0.695211,     0.014587
  1282.650,    -4.628198,     0.033235
  1282.700,    -8.423311,     0.046865
  1282.750,   -10.978533,     0.016810
  1282.800,   -12.207104,    -0.002924
  1282.850,   -12.580798,    -0.002325
  1282.900,   -12.447119,     0.002374
  1282.950,   -12.115337,    -0.019325
  1283.000,   -11.768117,    -0.032131
  1283.050,   -11.366404,    -0.001199
  1283.100,   -11.355391,     0.025479
  1283.150,   -11.573937,     0.018274
  1283.200,   -11.794338,     0.022589
  1283.250,   -11.995971,     0.017761
  1283.300,   -11.859051,     0.000796
  1283.350,   -11.305979,    -0.006487
  1283.400,   -10.460636,    -0.025378
  1283.450,    -9.536157,    -0.043354
  1283.500,    -8.602510,    -0.020295
  1283.550,    -7.999237,    -0.003082
  1283.600,    -7.850685,     0.009349
  1283.650,    -8.319107,     0.034908
  1283.700,    -9.504166,     0.036026
  1283.750,   -10.961408,     0.015750
  1283.800,   -12.481975,    -0.026532
  1283.850,   -13.728935,    -0.030159
  1283.900,   -14.223784,    -0.034291
  1283.950,   -13.843348,    -0.035268
  1284.000,   -12.760205,    -0.020544
  1284.050,   -11.087479,     0.001370
  1284.100,    -9.209239,     0.044103
  1284.150,    -7.352641,     0.056100
  1284.200,    -5.817032,     0.052011
  1284.250,    -4.958622,     0.020978
  1284.300,    -4.781117,    -0.017633
  1284.350,    -5.164430,    -0.030200
  1284.400,    -5.718553,    -0.028865
  1284.450,    -6.531586,    -0.017713
  1284.500,    -7.489730,    -0.016141
  1284.550,    -8.322572,    -0.002968
  1284.600,    -8.975857,     0.023445
  1284.650,    -9.384472,     0.044396
  1284.700,    -9.518247,     0.023943
  1284.750,    -9.495345,     0.001497
  1284.800,    -9.372551,    -0.036007
  1284.850,    -9.419689,    -0.037743
  1284.900,    -9.646833,    -0.044415
  1284.950,   -10.120752,    -0.037553
  1285.000,   -10.775203,    -0.001354
  1285.050,   -11.382537,     0.027983
  1285.100,   -11.911886,     0.040570
  1285.150,   -12.167205,     0.052681
  1285.200,   -12.010661,     0.035476
  1285.250,   -11.452595,     0.007150
  1285.300,   -10.457421,    -0.016157
  1285.350,    -9.296616,    -0.045415
  1285.400,    -8.180554,    -0.039481
  1285.450,    -7.369942,    -0.024972
  1285.500,    -7.022423,    -0.025024
  1285.550,    -7.067364,     0.000679
  1285.600,    -7.611914,     0.014379
  1285.650,    -8.409624,     0.016883
  1285.700,    -9.044478,     0.010887
  1285.750,    -9.275563,    -0.009158
  1285.800,    -8.936299,    -0.037269
  1285.850,    -7.996161,    -0.025923
  1285.900,    -6.903150,    -0.041986
  1285.950,    -5.674201,    -0.023165
  1286.000,    -4.779292,    -0.014595
  1286.050,    -4.371797,     0.018087
  1286.100,    -4.506076,     0.041712
  1286.150,    -5.064766,     0.024164
  1286.200,    -5.903945,     0.016587
  1286.250,    -6.899366,     0.003476
  1286.300,    -7.713767,    -0.035332
  1286.350,    -8.203755,    -0.023582
  1286.400,    -8.597356,    -0.014801
  1286.450,    -8.687682,    -0.004155
  1286.500,    -8.608289,    -0.006972
  1286.550,    -8.564232,     0.004902
  1286.600,    -8.377686,     0.029508
  1286.650,    -8.147355,     0.026858
  1286.700,    -7.997506,     0.012570
  1286.750,    -7.804456,     0.006307
  1286.800,    -7.711689,    -0.019643
  1286.850,    -7.714963,    -0.034285
  1286.900,    -7.781128,    -0.047656
  1286.950,    -7.851444,    -0.007680
  1287.000,    -7.729274,     0.032376
  1287.050,    -7.527558,     0.054666
  1287.100,    -7.324965,     0.030718
  1287.150,    -7.157298,    -0.020974
  1287.200,    -7.218865,     0.002880
  1287.250,    -7.384984,     0.024560
  1287.300,    -7.845946,    -0.005883
  1287.350,    -8.419862,    -0.024285
  1287.400,    -8.918772,    -0.011908
  1287.450,    -9.264290,     0.000111
  1287.500,    -9.433111,     0.007548
  1287.550,    -9.453617,     0.023231
  1287.600,    -9.246201,     0.026625
  1287.650,    -9.011784,     0.027709
  1287.700,    -8.833035,    -0.009564
  1287.750,    -8.679451,    -0.028832
  1287.800,    -8.607611,    -0.023283
  1287.850,    -8.547075,    -0.004129
  1287.900,    -8.429312,    -0.025103
  1287.950,    -8.249395,    -0.012113
  1288.000,    -7.989399,     0.040503
  1288.050,    -7.582547,     0.022885
  1288.100,    -7.154720,    -0.012541
  1288.150,    -6.693533,    -0.003870
  1288.200,    -6.447402,     0.003765
  1288.250,    -6.202071,    -0.019565
  1288.300,    -6.068316,    -0.012618
  1288.350,    -6.370329,    -0.014232
  1288.400,    -6.848167,     0.003036
  1288.450,    -7.447574,     0.025140
  1288.500,    -7.940413,     0.011072
  1288.550,    -8.378651,    -0.007020
  1288.600,    -8.554272,     0.010976
  1288.650,    -8.650885,     0.019171
  1288.700,    -8.611899,    -0.014915
  1288.750,    -8.576835,    -0.003560
  1288.800,    -8.515093,     0.002248
  1288.850,    -8.156970,     0.013324
  1288.900,    -7.834653,     0.016485
  1288.950,    -7.541459,     0.013338
  1289.000,    -7.331409,     0.025462
  1289.050,    -7.276271,    -0.035654
  1289.100,    -7.402188,    -0.016948
  1289.150,    -7.777333,    -0.018225
  1289.200,    -8.173636,    -0.029105
  1289.250,    -8.549629,    -0.008807
  1289.300,    -8.892236,     0.018683
  1289.350,    -8.965748,     0.042014
  1289.400,    -8.808213,     0.028495
  1289.450,    -8.418978,     0.013685
  1289.500,    -7.848458,    -0.011783
  1289.550,    -7.314936,    -0.020107
  1289.600,    -6.631830,    -0.026255
  1289.650,    -5.930922,    -0.016283
  1289.700,    -5.540694,    -0.020918
  1289.750,    -5.253986,     0.003373
  1289.800,    -5.147524,     0.024973
  1289.850,    -5.157843,     0.042049
  1289.900,    -5.205136,     0.022707
  1289.950,    -5.366682,    -0.004378
  1290.000,    -5.290178,    -0.020883
  1290.050,    -5.179021,    -0.025091
  1290.100,    -5.070906,    -0.032707
  1290.150,    -5.055645,    -0.008080
  1290.200,    -5.261527,     0.018650
  1290.250,    -5.600810,     0.014409
  1290.300,    -6.080797,     0.031520
  1290.350,    -6.644748,     0.023738
  1290.400,    -6.983601,     0.009895
  1290.450,    -7.029483,    -0.014026
  1290.500,    -6.790419,    -0.021421
  1290.550,    -6.332470,    -0.030422
  1290.600,    -5.667754,    -0.037050
  1290.650,    -5.236422,     0.002061
  1290.700,    -5.047106,     0.015172
  1290.750,    -4.956748,     0.028626
  1290.800,    -5.197101,     0.053595
  1290.850,    -5.651651,     0.014269
  1290.900,    -5.999855,    -0.020670
  1290.950,    -6.216926,    -0.027253
  1291.000,    -6.318313,    -0.042018
  1291.050,    -6.411233,    -0.052218
  1291.100,    -6.377988,    -0.023846
  1291.150,    -6.278522,     0.024655
  1291.200,    -6.246162,     0.040594
  1291.250,    -6.416921,     0.027890
  1291.300,    -6.598394,     0.011184
  1291.350,    -6.613811,    -0.009531
  1291.400,    -6.417674,    -0.031489
  1291.450,    -5.965592,    -0.053856
  1291.500,    -5.356501,    -0.044304
  1291.550,    -4.661857,    -0.018768
  1291.600,    -4.065842,     0.001431
  1291.650,    -3.753975,     0.029093
  1291.700,    -3.480500,     0.012254
  1291.750,    -3.329501,     0.003706
  1291.800,    -3.316540,     0.003157
  1291.850,    -3.323271,    -0.012095
  1291.900,    -3.292082,    -0.026219
  1291.950,    -3.446169,    -0.031997
  1292.000,    -3.744727,    -0.020991
  1292.050,    -4.201402,     0.021537
  1292.100,    -4.624448,     0.037178
  1292.150,    -4.955934,     0.014534
  1292.200,    -5.133797,    -0.016046
  1292.250,    -5.050747,    -0.010975
  1292.300,    -4.651500,    -0.011687
  1292.350,    -4.126292,    -0.008988
  1292.400,    -3.525106,     0.012226
  1292.450,    -2.985142,     0.000107
  1292.500,    -2.543972,     0.011338
  1292.550,    -2.334973,     0.012443
  1292.600,    -2.462209,    -0.007422
  1292.650,    -2.695872,    -0.015803
  1292.700,    -3.021162,    -0.014258
  1292.750,    -3.457259,    -0.004237
  1292.800,    -3.713548,     0.004849
  1292.850,    -3.990454,    -0.000036
  1292.900,    -4.053787,     0.020187
  1292.950,    -4.040258,     0.039766
  1293.000,    -3.944863,    -0.004417
  1293.050,    -3.733122,    -0.021760
  1293.100,    -3.575032,    -0.006080
  1293.150,    -3.323415,    -0.022137
  1293.200,    -2.907106,    -0.028554
  1293.250,    -2.608168,    -0.022624
  1293.300,    -2.297591,    -0.005257
  1293.350,    -2.014341,     0.015083
  1293.400,    -1.859620,     0.029283
  1293.450,    -1.747270,     0.013473
  1293.500,    -1.738931,    -0.034982
  1293.550,    -1.877138,    -0.015193
  1293.600,    -1.876201,    -0.015813
  1293.650,    -1.891205,    -0.032722
  1293.700,    -1.808477,    -0.003386
  1293.750,    -1.744480,     0.027773
  1293.800,    -1.710525,     0.027940
  1293.850,    -1.685098,     0.019368
  1293.900,    -1.792126,    -0.005517
  1293.950,    -1.968894,    -0.009848
  1294.000,    -2.297955,    -0.029773
  1294.050,    -2.882067,    -0.040461
  1294.100,    -3.614558,    -0.013650
  1294.150,    -4.141416,     0.001839
  1294.200,    -4.523188,     0.004878
  1294.250,    -4.725391,     0.014061
  1294.300,    -4.592422,     0.014917
  1294.350,    -4.289422,     0.004405
  1294.400,    -3.873525,     0.012619
  1294.450,    -3.262619,    -0.026115
  1294.500,    -2.928843,    -0.025670
  1294.550,    -2.787165,    -0.020442
  1294.600,    -2.698209,     0.000665
  1294.650,    -2.887286,     0.031996
  1294.700,    -3.409319,     0.026909
  1294.750,    -4.092130,    -0.000660
  1294.800,    -4.668737,    -0.002472
  1294.850,    -5.193101,     0.000635
  1294.900,    -5.466774,    -0.029816
  1294.950,    -5.424212,    -0.019352
  1295.000,    -5.178189,     0.002467
  1295.050,    -4.501465,    -0.014660
  1295.100,    -3.740604,     0.012536
  1295.150,    -3.043184,     0.019781
  1295.200,    -2.504026,    -0.010502
  1295.250,    -2.203431,    -0.012373
  1295.300,    -2.179095,    -0.014270
  1295.350,    -2.366507,    -0.017933
  1295.400,    -2.547828,    -0.000047
  1295.450,    -2.674495,     0.016957
  1295.500,    -2.651671,     0.022412
  1295.550,    -2.524144,     0.031276
  1295.600,    -2.331992,    -0.025585
  1295.650,    -2.145828,    -0.014243
  1295.700,    -2.145308,    -0.023873
  1295.750,    -2.291314,    -0.029717
  1295.800,    -2.681780,    -0.001665
  1295.850,    -3.159570,     0.003899
  1295.900,    -3.549329,     0.012188
  1295.950,    -3.752238,     0.012046
  1296.000,    -3.669930,     0.006665
  1296.050,    -3.295314,     0.009337
  1296.100,    -2.832110,    -0.008530
  1296.150,    -2.266064,    -0.053110
  1296.200,    -1.536980,    -0.032240
  1296.250,    -1.028142,     0.013505
  1296.300,    -0.722499,     0.014006
  1296.350,    -0.750245,     0.032981
  1296.400,    -1.159636,     0.030320
  1296.450,    -1.970596,    -0.016511
  1296.500,    -2.869173,    -0.022370
  1296.550,    -3.822231,    -0.033611
  1296.600,    -4.761490,    -0.035466
  1296.650,    -5.217076,     0.007260
  1296.700,    -5.377890,     0.008097
  1296.750,    -5.408485,     0.031961
  1296.800,    -5.203112,     0.050467
  1296.850,    -5.015281,     0.018366
  1296.900,    -5.030365,    -0.014250
  1296.950,    -5.059376,    -0.011972
  1297.000,    -5.052101,    -0.016843
  1297.050,    -5.052949,    -0.011193
  1297.100,    -5.054906,     0.010545
  1297.150,    -4.727522,     0.012006
  1297.200,    -4.391490,     0.024104
  1297.250,    -3.918838,     0.002745
  1297.300,    -3.365609,    -0.007716
  1297.350,    -2.822322,    -0.004585
  1297.400,    -2.440200,    -0.023453
  1297.450,    -2.417948,    -0.032871
  1297.500,    -2.530083,    -0.003435
  1297.550,    -2.814380,    -0.003691
  1297.600,    -3.191865,     0.030508
  1297.650,    -3.534679,     0.011972
  1297.700,    -3.724624,    -0.025129
  1297.750,    -3.324475,    -0.030071
  1297.800,    -2.533631,    -0.002908
  1297.850,    -1.246234,     0.019761
  1297.900,     0.518921,     0.005081
  1297.950,     2.220760,     0.014926
  1298.000,     3.974697,     0.005770
  1298.050,     5.421435,    -0.000253
  1298.100,     6.602681,    -0.022702
  1298.150,     7.372619,    -0.034420
  1298.200,     8.083590,    -0.032106
  1298.250,     9.024186,     0.000896
  1298.300,    10.214318,     0.022083
  1298.350,    11.603604,     0.030225
  1298.400,    12.667357,     0.014590
  1298.450,    13.029634,     0.004251
  1298.500,    12.294789,    -0.004741
  1298.550,    10.153583,    -0.027633
  1298.600,     6.629997,    -0.046349
  1298.650,     2.047870,    -0.042820
  1298.700,    -3.052224,    -0.000779
  1298.750,    -7.961840,    -0.011467
  1298.800,   -12.377902,     0.024536
  1298.850,   -15.516396,     0.028574
  1298.900,   -17.365243,    -0.001380
  1298.950,   -18.039395,    -0.016005
  1299.000,   -17.682808,    -0.035556
  1299.050,   -16.685621,    -0.032479
  1299.100,   -15.098786,    -0.024267
  1299.150,   -13.227915,    -0.025290
  1299.200,   -11.191791,     0.048438
  1299.250,    -9.190153,     0.047268
  1299.300,    -7.232805,    -0.000591
  1299.350,    -5.481108,    -0.015944
  1299.400,    -4.100362,    -0.019640
  1299.450,    -2.991488,    -0.018177
  1299.500,    -2.181497,    -0.035522
  1299.550,    -1.739710,    -0.013529
  1299.600,    -1.413494,     0.041126
  1299.650,    -1.076654,     0.028978
  1299.700,    -0.526405,     0.033160
  1299.750,    -0.019918,    -0.006353
  1299.800,     0.502749,    -0.024446
  1299.850,     0.911735,    -0.034103
  1299.900,     0.913419,    -0.027212
  1299.950,     0.509767,    -0.005890
  1300.000,    -0.447675,     0.007354
  1300.050,    -1.702983,     0.020329
  1300.100,    -3.308682,     0.005102
  1300.150,    -5.027192,    -0.030663
  1300.200,    -6.345332,    -0.025651
  1300.250,    -7.278052,    -0.011617
  1300.300,    -7.590104,    -0.028350
  1300.350,    -7.266049,    -0.028095
  1300.400,    -6.375028,    -0.002362
  1300.450,    -5.094768,     0.003379
  1300.500,    -3.730535,     0.006017
  1300.550,    -2.584025,    -0.015135
  1300.600,    -1.795919,    -0.005638
  1300.650,    -1.374199,     0.005872
  1300.700,    -1.599785,     0.019108
  1300.750,    -2.050343,     0.023520
  1300.800,    -2.748604,     0.034881
  1300.850,    -3.674752,     0.035331
  1300.900,    -4.672956,    -0.016985
  1300.950,    -5.425497,    -0.007270
  1301.000,    -6.019069,    -0.011012
  1301.050,    -6.488499,    -0.022988
  1301.100,    -6.690526,     0.000914
  1301.150,    -6.798618,     0.008803
  1301.200,    -6.758085,     0.006527
  1301.250,    -6.424639,     0.024406
  1301.300,    -5.857666,    -0.013977
  1301.350,    -5.212228,    -0.010928
  1301.400,    -4.447671,    -0.027730
  1301.450,    -3.505982,    -0.015658
  1301.500,    -2.719378,     0.023117
  1301.550,    -2.049919,     0.030687
  1301.600,    -1.602955,     0.048640
  1301.650,    -1.497924,    -0.001519
  1301.700,    -1.724433,    -0.010271
  1301.750,    -2.196541,    -0.016862
  1301.800,    -2.913556,    -0.040972
  1301.850,    -3.799451,    -0.036901
  1301.900,    -4.692105,    -0.004235
  1301.950,    -5.365975,     0.042030
  1302.000,    -5.903267,     0.053423
  1302.050,    -6.092992,     0.022043
  1302.100,    -5.986124,    -0.009587
  1302.150,    -5.481167,    -0.012394
  1302.200,    -4.788645,    -0.021019
  1302.250,    -3.950623,    -0.017534
  1302.300,    -2.967698,    -0.004654
  1302.350,    -1.945934,     0.027955
  1302.400,    -1.081079,     0.017208
  1302.450,    -0.543223,    -0.012409
  1302.500,    -0.393701,    -0.002841
  1302.550,    -0.592348,    -0.018785
  1302.600,    -0.979445,    -0.010228
  1302.650,    -1.627332,    -0.000332
  1302.700,    -2.273849,    -0.003375
  1302.750,    -2.840741,    -0.002765
  1302.800,    -3.187488,     0.002214
  1302.850,    -3.352209,     0.007192
  1302.900,    -3.011619,    -0.005487
  1302.950,    -2.540855,    -0.018089
  1303.000,    -2.006626,    -0.000934
  1303.050,    -1.449523,    -0.005328
  1303.100,    -0.947488,     0.013085
  1303.150,    -0.787448,     0.005892
  1303.200,    -0.753167,     0.006999
  1303.250,    -0.999765,    -0.017973
  1303.300,    -1.504459,    -0.023117
  1303.350,    -2.120290,    -0.017446
  1303.400,    -2.894752,     0.005153
  1303.450,    -3.672696,     0.026289
  1303.500,    -4.129493,     0.021794
  1303.550,    -4.503850,     0.010673
  1303.600,    -4.727023,    -0.003655
  1303.650,    -4.688064,    -0.015699
  1303.700,    -4.587680,    -0.027553
  1303.750,    -4.433210,    -0.007950
  1303.800,    -4.197551,     0.020004
  1303.850,    -3.944972,     0.014710
  1303.900,    -3.731805,     0.025137
  1303.950,    -3.537348,     0.011361
  1304.000,    -3.264176,    -0.038362
  1304.050,    -3.092636,    -0.023488
  1304.100,    -2.873535,    -0.012343
  1304.150,    -2.759749,    -0.029913
  1304.200,    -2.563323,     0.020585
  1304.250,    -2.388504,     0.017987
  1304.300,    -2.260231,     0.004966
  1304.350,    -2.248306,    -0.006958
  1304.400,    -2.270743,    -0.023768
  1304.450,    -2.230643,    -0.020500
  1304.500,    -2.318902,    -0.028008
  1304.550,    -2.592159,    -0.000143
  1304.600,    -2.768470,     0.010285
  1304.650,    -3.053580,     0.028575
  1304.700,    -3.387413,     0.018340
  1304.750,    -3.732986,    -0.036889
  1304.800,    -4.036173,    -0.032287
  1304.850,    -4.227013,    -0.016970
  1304.900,    -4.474494,    -0.006205
  1304.950,    -4.654625,    -0.004572
  1305.000,    -4.679683,     0.027568
  1305.050,    -4.705523,     0.005684
  1305.100,    -4.715239,    -0.023215
  1305.150,    -4.586414,    -0.041011
  1305.200,    -4.633608,    -0.029051
  1305.250,    -4.801002,    -0.014171
  1305.300,    -5.011490,    -0.008650
  1305.350,    -5.373398,     0.022735
  1305.400,    -5.705482,     0.022295
  1305.450,    -6.037733,    -0.020562
  1305.500,    -6.212272,     0.000743
  1305.550,    -6.067443,    -0.017363
  1305.600,    -5.818141,    -0.010304
  1305.650,    -5.525769,     0.000488
  1305.700,    -5.087228,     0.003025
  1305.750,    -4.840455,     0.022124
  1305.800,    -4.551022,     0.011147
  1305.850,    -4.372049,    -0.019307
  1305.900,    -4.324894,    -0.011487
  1305.950,    -4.006882,    -0.014718
  1306.000,    -3.720545,     0.000871
  1306.050,    -3.426592,     0.002100
  1306.100,    -3.142826,     0.048651
  1306.150,    -2.923153,     0.027927
  1306.200,    -2.709326,    -0.000629
  1306.250,    -2.680236,    -0.003366
  1306.300,    -2.675899,    -0.020018
  1306.350,    -2.687218,    -0.021422
  1306.400,    -2.909698,     0.012550
  1306.450,    -3.204279,     0.037341
  1306.500,    -3.354207,     0.008008
  1306.550,    -3.516625,     0.018086
  1306.600,    -3.639012,    -0.019735
  1306.650,    -3.468563,    -0.005269
  1306.700,    -3.574743,    -0.012506
  1306.750,    -3.523945,    -0.015138
  1306.800,    -3.606464,    -0.011262
  1306.850,    -3.634914,     0.012944
  1306.900,    -3.814397,    -0.008087
  1306.950,    -4.103150,    -0.006090
  1307.000,    -4.308242,    -0.016681
  1307.050,    -4.691396,    -0.003958
  1307.100,    -4.782236,     0.010834
  1307.150,    -4.734070,     0.021030
  1307.200,    -4.477000,     0.000195
  1307.250,    -4.038253,     0.008382
  1307.300,    -3.550363,    -0.033602
  1307.350,    -3.114109,     0.014739
  1307.400,    -2.734869,    -0.009964
  1307.450,    -2.816142,     0.008530
  1307.500,    -3.106105,     0.019049
  1307.550,    -3.605803,    -0.008105
  1307.600,    -4.092650,     0.016776
  1307.650,    -4.404519,    -0.013548
  1307.700,    -4.368235,     0.001146
  1307.750,    -3.847592,    -0.013288
  1307.800,    -3.087364,    -0.013285
  1307.850,    -2.144729,     0.020282
  1307.900,    -1.175279,     0.016177
  1307.950,    -0.479486,     0.019817
  1308.000,     0.183096,    -0.011495
  1308.050,     0.391849,     0.001804
  1308.100,     0.480836,     0.002580
  1308.150,     0.174437,     0.018091
  1308.200,    -0.122571,     0.016093
  1308.250,    -0.718182,    -0.005414
  1308.300,    -1.199050,    -0.014478
  1308.350,    -1.733931,    -0.035761
  1308.400,    -2.316074,     0.006271
  1308.450,    -2.735893,     0.022884
  1308.500,    -3.108886,     0.012699
  1308.550,    -3.421578,    -0.030635
  1308.600,    -3.504626,    -0.006918
  1308.650,    -3.613673,     0.031903
  1308.700,    -3.542828,    -0.011917
  1308.750,    -3.561595,     0.032753
  1308.800,    -3.484070,     0.015032
  1308.850,    -3.393510,     0.011491
  1308.900,    -3.276938,     0.000110
  1308.950,    -3.259678,     0.033347
  1309.000,    -3.086061,    -0.017190
  1309.050,    -3.025026,     0.011220
  1309.100,    -3.050133,     0.036398
  1309.150,    -3.064343,    -0.014869
  1309.200,    -3.135068,    -0.018687
  1309.250,    -3.223369,    -0.007247
  1309.300,    -3.378204,     0.027443
  1309.350,    -3.459375,     0.019713
  1309.400,    -3.397771,    -0.003263
  1309.450,    -3.439783,    -0.011044
  1309.500,    -3.192562,    -0.008622
  1309.550,    -2.807719,    -0.010576
  1309.600,    -2.533723,     0.023485
  1309.650,    -2.190919,     0.008307
  1309.700,    -1.871981,    -0.007174
  1309.750,    -1.854181,    -0.024367
  1309.800,    -1.800306,     0.005742
  1309.850,    -1.898067,    -0.013665
  1309.900,    -1.995015,    -0.002828
  1309.950,    -2.186157,     0.021673
  1310.000,    -2.273824,    -0.005686

